{
    "Directory": "/.*/+",
    "source1": "document.URL",
    "source2": "Document.documentURI",
    "source3": "Document.URLUnencoded",
    "source4": "Document.baseURI",
    "source5": "Location.href",
    "source6": "Location.search",
    "source7": "Location.hash",
    "source8": "Location.pathname",
    "source9": "Document.cookie",
    "source10": "Document.referrer",
    "source11": "Window.name",
    "source12": "History.pushState()",
    "source13": "History.replaceState()",
    "source14": "LocalStorage",
    "source15": "SessionStorage",
    "source16": "window.location",
    "source17": "document.location",
    "sink1": "eval",
    "sink2": "Function",
    "sink3": "setTimeout",
    "sink4": "setInterval",
    "sink5": "setImmediate",
    "sink6": "execScript",
    "sink7": "cyrpto.generateCRMFRequest",
    "sink8": "ScriptElement",
    "sink9": "ScriptElement.src",
    "sink10": "ScriptElement.text",
    "sink11": "ScriptElement.textContent",
    "sink12": "ScriptElement.innerText",
    "sink13": "document.write",
    "sink14": "document.writeln"
}
